run_name,script,vu,run,req_per_s,p90_ms,p95_ms,p99_ms,ttfb_p95_ms,error_rate
woo-11,load-test.js,5,1,17.18573010100196,276.22791600000005,291.2913606,0,286.9612816,0
woo-11,load-test.js,5,2,17.074143280668153,288.9462514,318.90238809999994,0,315.8111692499999,0
woo-11,load-test.js,5,3,17.444970818399657,272.8284289,282.38897919999994,0,278.2221751999999,0
woo-11,load-test.js,10,1,19.14256755059046,494.6141733,513.48563345,0,508.56660329999994,0
woo-11,load-test.js,10,2,19.871340388576996,498.8733006,529.860825,0,521.8202579999999,0
woo-11,load-test.js,10,3,19.075718529593946,498.6280042,517.7623685,0,513.2292811,0
woo-11,load-test.js,25,1,20.50343569198679,1230.262112,1303.844051,0,1298.252809,0
woo-11,load-test.js,25,2,19.329613735104648,1259.1490763,1304.0029908,0,1300.35560555,0
woo-11,load-test.js,25,3,20.40741987659228,1234.65458,1281.00484675,0,1276.88389225,0
woo-11,load-test.js,50,1,20.705833556413904,2451.502866,2543.727704,0,2539.458235,0
woo-11,load-test.js,50,2,20.66909300742249,2433.1356996,2592.607969099999,0,2589.221759899999,0
woo-11,load-test.js,50,3,20.70881326226467,2442.3615594000003,2558.6997061999996,0,2553.1152622,0
